"ID","Longitude","Latitude","Mmodesta","barrier","Compet","Bbsuit","BbPA","Bfsuit","BfPA","Brsuit","BrPA","BbBfBrsuit","BbBfBrPA","BbBfsuit","BbBfPA","BbBrsuit","BbBrPA","BfBrsuit","BfBrPA","bio1","bio10","bio11","bio12","bio13","bio14","bio15","bio16","bio17","bio18","bio19","bio2","bio3","bio4","bio5","bio6","bio7","bio8","bio9"
1,-89.0520806,16.6085278,1,1,0,0.111299999,0,0.119764,0,0.043698002,0,0.119764,0,0.119764,0,0.111299999,0,0.119764,0,232,248,210,2122,300,55,51,850,182,447,319,79,63,1523,292,167,125,242,229
2,-89.0434167,16.1979222,1,1,0,0.0618896,0,0.00249902,0,0.00358343,0,0.0618896,0,0.0618896,0,0.0618896,0,0.00358343,0,249,264,227,3049,660,77,69,1531,235,1262,337,71,62,1509,302,189,113,261,244
3,-89.0272361,16.2964222,1,1,0,0.095112897,0,0.0107631,0,0.00815836,0,0.095112897,0,0.095112897,0,0.095112897,0,0.0107631,0,241,255,222,2766,549,65,65,1345,215,621,325,73,65,1346,295,183,112,252,239
4,-88.9759667,17.0777667,1,1,0,0.076222703,0,0.162928998,0,0.047029201,0,0.162928998,0,0.162928998,0,0.076222703,0,0.162928998,0,239,259,213,1583,213,57,46,625,175,326,271,86,59,1870,307,162,145,238,233
5,-88.9396278,16.1566833,1,1,0,0.067477398,0,0.00160283,0,0.00400133,0,0.067477398,0,0.067477398,0,0.067477398,0,0.00400133,0,248,262,227,3412,713,80,69,1723,262,1373,405,69,62,1424,300,190,110,260,244
6,-88.8178556,16.9595111,1,1,0,0.052699901,0,0.058453199,0,0.051839199,0,0.058453199,0,0.058453199,0,0.052699901,0,0.058453199,0,224,244,199,2285,316,59,45,872,221,416,695,83,58,1875,293,151,142,222,219
7,-88.7534167,16.4186222,1,1,0,0.095175304,0,0.033311401,0,0.0154015,0,0.095175304,0,0.095175304,0,0.095175304,0,0.033311401,0,254,267,233,2555,443,60,60,1153,200,558,345,71,63,1429,305,194,111,266,250
8,-88.7442778,16.4440083,1,1,0,0.091891997,0,0.034897599,0,0.016972,0,0.091891997,0,0.091891997,0,0.091891997,0,0.034897599,0,256,270,235,2576,436,60,59,1144,202,562,353,71,63,1464,308,197,111,269,253
9,-88.7059583,16.5439639,1,1,0,0.103809997,0,0.065413103,0,0.022736499,0,0.103809997,0,0.103809997,0,0.103809997,0,0.065413103,0,255,270,234,2347,375,54,57,1011,181,514,329,73,63,1444,309,194,115,267,251
10,-77.3688889,3.9394444,1,1,0,0.257093996,0,0.00213834,0,0.491948009,1,0.491948009,1,0.257093996,0,0.491948009,1,0.491948009,1,258,262,254,7369,878,294,32,2541,986,1495,2541,69,88,326,300,222,78,254,260
11,-76.6580444,5.532864,1,1,0,0.529232025,1,0.00683847,0,0.751721025,1,0.751721025,1,0.529232025,1,0.751721025,1,0.751721025,1,267,270,264,7510,761,455,14,2172,1485,1788,1868,94,93,227,319,218,101,267,267
12,-76.9133,3.6186111,1,1,0,0.577965021,1,0.323475003,0,0.486837,1,0.577965021,1,0.577965021,1,0.577965021,1,0.486837,1,244,247,238,2626,359,141,31,927,430,512,902,96,91,315,297,192,105,240,245
13,-76.9743389,3.9965139,1,1,0,0.379655987,0,0.00483258,0,0.605863988,1,0.605863988,1,0.379655987,0,0.605863988,1,0.605863988,1,261,264,257,7084,803,320,26,2298,1103,1239,2093,75,91,274,303,221,82,258,262
14,-85.5908028,11.005825,1,1,0,0.155607,0,0.065073296,0,0.000567473,0,0.155607,0,0.155607,0,0.155607,0,0.065073296,0,253,264,244,1902,393,6,83,968,28,153,237,104,73,771,329,188,141,249,260
15,-85.5411,10.9832,1,1,0,0.195472002,0,0.086963899,0,0.00218261,0,0.195472002,0,0.195472002,0,0.195472002,0,0.086963899,0,242,252,233,2029,379,9,76,1032,45,181,302,103,74,720,317,178,139,239,248
16,-85.4739056,10.9964667,1,1,0,0.27452001,0,0.074357197,0,0.038661599,0,0.27452001,0,0.27452001,0,0.27452001,0,0.074357197,0,217,226,208,2725,418,38,58,1146,136,311,543,100,74,689,287,153,134,215,221
17,-85.432,10.9933,1,1,0,0.274937987,0,0.072084799,0,0.044240899,0,0.274937987,0,0.274937987,0,0.274937987,0,0.072084799,0,217,227,209,2819,422,40,57,1164,146,321,579,99,73,687,288,154,134,215,222
18,-85.4295,10.9926,1,1,0,0.274937987,0,0.072084799,0,0.044240899,0,0.274937987,0,0.274937987,0,0.274937987,0,0.072084799,0,217,227,209,2819,422,40,57,1164,146,321,579,99,73,687,288,154,134,215,222
19,-85.4272,10.9904,1,1,0,0.274937987,0,0.072084799,0,0.044240899,0,0.274937987,0,0.274937987,0,0.274937987,0,0.072084799,0,217,227,209,2819,422,40,57,1164,146,321,579,99,73,687,288,154,134,215,222
20,-85.2424139,10.863575,1,1,0,0.248657003,0,0.115070999,0,0.016047999,0,0.248657003,0,0.248657003,0,0.248657003,0,0.115070999,0,246,256,237,2344,365,23,64,1037,99,250,411,101,74,720,319,183,136,243,252
21,-85.1204932,10.4535349,1,1,0,0.131764993,0,0.141870007,0,0.000270065,0,0.141870007,0,0.141870007,0,0.131764993,0,0.141870007,0,268,277,259,1667,330,6,87,863,23,248,452,104,77,685,340,205,135,264,269
22,-85.0179722,10.9088861,1,1,0,0.303570002,0,0.275651008,0,0.069444701,0,0.303570002,0,0.303570002,0,0.303570002,0,0.275651008,0,265,276,256,1991,281,31,53,815,127,214,437,98,74,766,336,204,132,266,272
23,-85.0116139,10.6687167,1,1,0,0.316309988,0,0.0722574,0,0.243385002,0,0.316309988,0,0.316309988,0,0.316309988,0,0.243385002,0,197,206,189,3705,447,82,41,1271,330,456,1008,95,74,655,264,137,127,196,201
24,-84.7194444,10.3083333,1,1,0,0.304172009,0,0.068256997,0,0.093969502,0,0.304172009,0,0.304172009,0,0.304172009,0,0.093969502,0,207,216,199,3142,443,61,51,1230,220,403,692,97,76,663,274,147,127,205,212
25,-84.40315,10.5942263,1,1,0,0.308566004,0,0.098395601,0,0.153815001,0,0.308566004,0,0.308566004,0,0.308566004,0,0.153815001,0,258,268,249,3033,416,64,46,1162,252,362,746,91,76,716,321,202,119,260,265
26,-84.1292389,10.4142583,1,1,0,0.357367009,0,0.085259601,0,0.459693998,1,0.459693998,1,0.357367009,0,0.459693998,1,0.459693998,1,254,264,245,3966,446,151,30,1252,552,689,1089,90,76,718,317,200,117,254,261
27,-84.0502,10.4013,1,1,0,0.344976008,0,0.0792128,0,0.516287982,1,0.516287982,1,0.344976008,0,0.516287982,1,0.516287982,1,255,265,246,4132,457,172,27,1272,619,764,1264,89,76,717,317,201,116,255,261
28,-84.0493,10.4013,1,1,0,0.344976008,0,0.0792128,0,0.516287982,1,0.516287982,1,0.344976008,0,0.516287982,1,0.516287982,1,255,265,246,4132,457,172,27,1272,619,764,1264,89,76,717,317,201,116,255,261
29,-84.0451944,10.2814778,1,1,0,0.410739005,0,0.065677002,0,0.320239007,1,0.410739005,1,0.410739005,0,0.410739005,1,0.320239007,1,217,224,210,3860,483,141,38,1322,436,659,870,93,80,562,277,162,115,216,220
30,-84.0412,10.2964,1,1,0,0.381440014,0,0.066652097,0,0.528689027,1,0.528689027,1,0.381440014,0,0.528689027,1,0.528689027,1,244,254,237,4329,481,182,27,1346,640,756,1233,90,77,645,306,190,116,237,250
31,-84.0145386,10.2695721,1,1,0,0.410174996,0,0.081937097,0,0.496897012,1,0.496897012,1,0.410174996,0,0.496897012,1,0.496897012,1,237,246,230,4120,463,165,29,1298,567,705,1112,92,78,603,299,182,117,239,242
32,-84.0049667,10.4308083,1,1,1,0.343015999,0,0.079283297,0,0.495938987,1,0.495938987,1,0.343015999,0,0.495938987,1,0.495938987,1,260,270,251,3974,457,165,28,1245,593,752,1207,88,77,731,321,207,114,261,267
33,-83.9519,10.1489,1,1,0,0.441606998,0,0.183220997,0,0.393747002,1,0.441606998,1,0.441606998,0,0.441606998,1,0.393747002,1,231,239,223,3341,377,119,34,1093,422,591,813,94,79,600,293,175,118,232,235
34,-83.9498667,10.3335,1,1,0,0.342177004,0,0.069519699,0,0.511637986,1,0.511637986,1,0.342177004,0,0.511637986,1,0.511637986,1,260,271,251,4081,468,179,27,1284,632,799,1204,89,78,753,321,207,114,261,267
35,-83.8542722,9.7962194,1,1,0,0.401966006,0,0.252173007,0,0.118519001,0,0.401966006,0,0.401966006,0,0.401966006,0,0.252173007,0,202,209,193,2280,319,55,49,868,199,368,424,102,82,623,266,142,124,202,205
36,-83.8022139,9.8256361,1,1,0,0.430799991,0,0.243812993,0,0.211464003,0,0.430799991,0,0.430799991,0,0.430799991,0,0.243812993,0,198,205,190,2606,332,76,43,931,266,434,539,102,83,608,261,139,122,198,201
37,-83.7873722,10.2177472,1,1,0,0.309244007,0,0.064534798,0,0.490314007,1,0.490314007,1,0.309244007,0,0.490314007,1,0.490314007,1,253,264,244,4180,472,175,28,1296,614,778,1296,89,78,773,314,200,114,254,260
38,-83.7389194,9.8981667,1,1,0,0.497249007,1,0.300305009,0,0.522271991,1,0.522271991,1,0.497249007,1,0.522271991,1,0.522271991,1,203,209,194,2931,324,126,27,899,421,686,802,99,83,618,263,144,119,206,204
39,-83.5913,8.48017,1,1,0,0.116230004,0,0.00141167,0,0.032952599,0,0.116230004,0,0.116230004,0,0.116230004,0,0.032952599,0,262,274,253,4457,756,64,59,1963,262,729,1551,108,76,765,338,196,142,255,264
40,-83.5819306,9.8396139,1,1,0,0.433966994,0,0.291079015,0,0.419019997,1,0.433966994,1,0.433966994,0,0.433966994,1,0.419019997,1,211,219,201,2889,316,100,32,907,365,504,772,98,81,676,273,153,120,206,215
41,-83.5300832,10.073984,1,1,0,0.372424006,0,0.083558798,0,0.546074986,1,0.546074986,1,0.372424006,0,0.546074986,1,0.546074986,1,241,251,231,3986,452,199,25,1205,671,826,1127,90,78,756,301,187,114,232,247
42,-83.5292,10.5848,1,1,0,0.195531994,0,0.00812528,0,0.325075001,1,0.325075001,1,0.195531994,0,0.325075001,1,0.325075001,1,263,273,254,5031,667,190,37,1745,717,791,1745,81,77,747,318,213,105,254,269
43,-83.4592,9.81836,1,1,0,0.409029007,0,0.254563004,0,0.354965001,1,0.409029007,1,0.409029007,0,0.409029007,1,0.354965001,1,212,221,202,2773,326,83,35,927,322,485,734,99,81,695,275,154,121,207,216
44,-83.453425,9.9465861,1,1,0,0.446258992,0,0.207229003,0,0.547528028,1,0.547528028,1,0.446258992,0,0.547528028,1,0.547528028,1,227,236,218,3261,364,149,25,1016,510,645,927,93,80,695,288,172,116,219,232
45,-83.45,8.9667,1,1,0,0.169074997,0,0.0151843,0,0.0121227,0,0.169074997,0,0.169074997,0,0.169074997,0,0.0151843,0,243,253,234,2856,545,35,66,1296,133,564,898,113,78,691,319,175,144,238,244
46,-83.028825,9.6638583,1,1,0,0.526139021,1,0.404336989,0,0.58217001,1,0.58217001,1,0.526139021,1,0.58217001,1,0.58217001,1,242,251,234,2732,287,141,23,808,479,618,762,94,80,654,303,186,117,246,241
47,-82.9716667,8.7629576,1,1,0,0.156362996,0,0.00793463,0,0.0077298,0,0.156362996,0,0.156362996,0,0.156362996,0,0.00793463,0,202,211,194,3283,621,26,69,1472,125,645,1035,105,78,624,273,140,133,198,203
48,-79.0833306,-2.2666667,1,1,0,0.494076014,1,0.601320982,1,0.00759729,0,0.601320982,1,0.601320982,1,0.494076014,1,0.601320982,1,190,192,186,1237,227,25,70,635,96,536,107,102,86,220,248,130,118,192,187
49,-90.1877056,16.5249083,1,1,0,0.0758617,0,0.097267799,0,0.027832801,0,0.097267799,0,0.097267799,0,0.0758617,0,0.097267799,0,251,271,225,1852,270,42,52,739,149,443,265,88,60,1759,323,178,145,257,248
50,-89.0667,15.2833,1,1,0,0.109991997,0,0.088363104,0,0.042990599,0,0.109991997,0,0.109991997,0,0.109991997,0,0.088363104,0,263,278,240,2095,313,55,51,818,174,513,305,91,66,1538,332,195,137,274,260
51,-88.8401861,15.5090684,1,1,0,0.102430001,0,0.066587999,0,0.051988099,0,0.102430001,0,0.102430001,0,0.102430001,0,0.066587999,0,253,268,230,2349,344,70,49,941,220,535,381,87,65,1576,320,188,132,266,250
52,-88.7045417,15.538,1,1,0,0.108047999,0,0.137268007,0,0.0729912,0,0.137268007,0,0.137268007,0,0.108047999,0,0.137268007,0,267,283,243,1951,270,54,45,752,186,592,355,87,65,1636,334,201,133,280,263
53,-88.6333,15.6833,1,1,0,0.111541003,0,0.054207001,0,0.080678299,0,0.111541003,0,0.111541003,0,0.111541003,0,0.080678299,0,259,274,236,2499,374,78,45,976,268,525,441,82,64,1569,323,196,127,272,256
54,-88.6066639,15.6846333,1,1,0,0.111056998,0,0.052781802,0,0.110829003,0,0.111056998,0,0.111056998,0,0.111056998,0,0.110829003,0,272,287,248,2560,376,84,41,961,293,763,492,80,63,1621,335,209,126,284,268
55,-88.6103528,15.5285222,1,1,0,0.115392998,0,0.186149999,0,0.074417703,0,0.186149999,0,0.186149999,0,0.115392998,0,0.186149999,0,268,284,245,1742,237,45,45,670,166,337,319,90,66,1617,337,201,136,281,265
56,-87.502675,15.7621222,1,1,0,0.129942,0,0.092917703,0,0.108214997,0,0.129942,0,0.129942,0,0.129942,0,0.108214997,0,262,275,242,2378,343,45,44,942,232,520,652,90,70,1383,324,197,127,252,268
57,-99.2966778,23.0101944,1,1,0,0.0031852,0,0.0130417,0,1.9e-05,0,0.0130417,0,0.0130417,0,0.0031852,0,0.0130417,0,177,210,134,915,185,14,81,469,60,394,60,140,60,3052,288,55,233,201,134
58,-99.1944,23.1004528,1,1,0,0.00169119,0,0.00900055,0,8.26e-06,0,0.00900055,0,0.00900055,0,0.00169119,0,0.00900055,0,208,244,160,965,181,16,80,497,61,429,61,132,57,3420,314,83,231,237,160
59,-99.0941,21.3836,1,1,0,0.012751,0,0.00625642,0,0.000116507,0,0.012751,0,0.012751,0,0.012751,0,0.00625642,0,149,174,117,1529,362,29,81,799,102,367,111,133,63,2269,255,46,209,163,128
60,-98.991825,21.3856583,1,1,0,0.00243256,0,0.000340372,0,4.42e-05,0,0.00243256,0,0.00243256,0,0.00243256,0,0.000340372,0,225,259,178,2260,491,60,73,1098,188,795,188,133,58,3293,333,104,229,252,178
61,-98.9871694,21.39155,1,1,0,0.00243256,0,0.000340372,0,4.42e-05,0,0.00243256,0,0.00243256,0,0.00243256,0,0.000340372,0,225,259,178,2260,491,60,73,1098,188,795,188,133,58,3293,333,104,229,252,178
62,-98.96805,21.48335,1,1,0,0.00164835,0,0.000361862,0,1.57e-05,0,0.00164835,0,0.00164835,0,0.00164835,0,0.000361862,0,242,278,193,2129,465,51,76,1056,157,787,157,128,55,3464,349,120,229,271,206
63,-98.9479611,21.45955,1,1,0,0.00177989,0,0.00032597,0,2.61e-05,0,0.00177989,0,0.00177989,0,0.00177989,0,0.00032597,0,240,276,191,2244,477,57,73,1086,176,829,176,127,55,3473,346,118,228,269,191
64,-98.7852,21.1888,1,1,0,0.00257023,0,0.000816594,0,7.08e-05,0,0.00257023,0,0.00257023,0,0.00257023,0,0.000816594,0,241,276,193,1911,406,51,69,900,158,678,160,134,57,3360,350,118,232,269,206
65,-98.5277,21.3947,1,1,0,0.002624,0,0.00511772,0,9.32e-05,0,0.00511772,0,0.00511772,0,0.002624,0,0.00511772,0,247,282,198,1328,260,35,66,608,115,498,132,120,55,3426,347,131,216,277,210
66,-97.0805667,18.8601139,1,1,0,0.024611199,0,0.0121054,0,0.000271748,0,0.024611199,0,0.024611199,0,0.024611199,0,0.0121054,0,198,219,171,2028,379,40,80,1069,128,520,140,116,65,1916,285,107,178,211,179
67,-97.0472056,19.1437064,1,1,0,0.035239998,0,0.0170148,0,0.000830136,0,0.035239998,0,0.035239998,0,0.035239998,0,0.0170148,0,164,184,139,2036,357,52,75,1018,160,566,181,124,66,1793,255,69,186,175,148
68,-97.0215361,18.9044306,1,1,0,0.02304,0,0.0148682,0,0.000352977,0,0.02304,0,0.02304,0,0.02304,0,0.0148682,0,201,223,173,1966,355,44,78,1021,139,501,151,116,65,1984,289,111,178,215,181
69,-96.974025,19.3849528,1,1,0,0.0236922,0,0.015869999,0,0.000996243,0,0.0236922,0,0.0236922,0,0.0236922,0,0.015869999,0,193,215,163,1888,349,51,71,877,157,546,164,105,60,2097,279,106,173,210,171
70,-96.9734611,19.0688111,1,1,0,0.031783,0,0.017374899,0,0.000467139,0,0.031783,0,0.031783,0,0.031783,0,0.017374899,0,185,204,159,2047,368,45,78,1046,140,571,144,110,64,1813,270,99,171,198,166
71,-96.9451806,19.509225,1,1,0,0.029762,0,0.038218901,0,0.00235651,0,0.038218901,0,0.038218901,0,0.029762,0,0.038218901,0,183,205,153,1610,291,52,66,710,159,462,163,97,59,2070,263,101,162,197,161
72,-96.9429222,18.8916111,1,1,0,0.019769,0,0.00930033,0,0.000306036,0,0.019769,0,0.019769,0,0.019769,0,0.00930033,0,211,232,181,2063,383,44,78,1078,141,502,153,117,64,2066,300,118,182,225,189
73,-96.8841417,19.3694583,1,1,0,0.0149327,0,0.0205808,0,0.000188492,0,0.0205808,0,0.0205808,0,0.0149327,0,0.0205808,0,208,231,177,1482,296,35,79,748,107,419,110,111,61,2223,298,117,181,224,184
74,-96.7785583,18.9125639,1,1,0,0.017586401,0,0.0143584,0,0.00026562,0,0.017586401,0,0.017586401,0,0.017586401,0,0.0143584,0,230,252,198,1827,329,40,78,928,128,503,129,120,63,2143,323,135,188,248,206
75,-96.7689722,18.6791194,1,1,0,0.0145684,0,0.00290879,0,0.00020291,0,0.0145684,0,0.0145684,0,0.0145684,0,0.00290879,0,239,262,207,2503,464,52,79,1304,182,645,184,118,62,2195,333,145,188,254,215
76,-96.3029083,17.7753889,1,1,0,0.010084,0,5.93e-05,0,0.000215591,0,0.010084,0,0.010084,0,0.010084,0,0.000215591,0,246,273,213,4015,803,73,77,2065,245,890,318,106,58,2362,339,157,182,260,242
77,-95.0752028,18.5854944,1,1,0,0.030640399,0,0.00246409,0,0.00382605,0,0.030640399,0,0.030640399,0,0.030640399,0,0.00382605,0,253,272,226,3345,575,53,65,1536,206,926,516,89,60,1883,328,180,148,267,260
78,-95.07195,18.6183306,1,1,0,0.030640399,0,0.00246409,0,0.00382605,0,0.030640399,0,0.030640399,0,0.030640399,0,0.00382605,0,253,272,226,3345,575,53,65,1536,206,926,516,89,60,1883,328,180,148,267,260
79,-92.0924667,16.7973872,1,1,0,0.077541299,0,0.039732099,0,0.00303921,0,0.077541299,0,0.077541299,0,0.077541299,0,0.039732099,0,224,238,202,1771,327,35,70,811,122,484,134,130,72,1477,313,133,180,234,209
80,-85.7,13.5833333,1,1,0,0.201692998,0,0.143739,0,0.053168699,0,0.201692998,0,0.201692998,0,0.201692998,0,0.143739,0,193,205,177,2183,304,40,53,867,140,494,328,99,70,1111,264,123,141,199,191
81,-84.339,10.9728,1,1,0,0.314485997,0,0.063140102,0,0.174759999,0,0.314485997,0,0.314485997,0,0.314485997,0,0.174759999,0,256,264,247,3246,472,73,45,1241,265,705,871,87,76,655,313,199,114,258,258
82,-81.0767833,8.5090111,1,1,0,0.316271007,0,0.066473201,0,0.00983958,0,0.316271007,0,0.316271007,0,0.316271007,0,0.066473201,0,245,251,240,2645,460,15,68,1204,95,419,460,92,74,446,309,186,123,243,243
83,-79.8479056,9.1553778,1,1,0,0.211976007,0,0.175308004,0,0.0503796,0,0.211976007,0,0.211976007,0,0.211976007,0,0.175308004,0,265,275,257,2549,386,28,56,1008,133,398,982,68,74,684,314,223,91,259,266
84,-79.6561066,9.0760251,1,1,0,0.290789008,0,0.272942007,0,0.0226677,0,0.290789008,0,0.290789008,0,0.290789008,0,0.272942007,0,264,273,256,2170,324,12,62,873,65,353,445,75,74,627,319,218,101,258,264
85,-79.653025,9.5504139,1,1,0,0.196814999,0,0.030448699,0,0.070690699,0,0.196814999,0,0.196814999,0,0.196814999,0,0.070690699,0,265,275,256,3470,556,50,53,1265,234,556,1045,64,71,759,312,223,89,256,271
86,-79.6151472,9.2142861,1,1,0,0.26534301,0,0.260551989,0,0.0256902,0,0.26534301,0,0.26534301,0,0.26534301,0,0.260551989,0,262,272,254,2453,330,15,61,940,81,363,532,72,73,664,315,217,98,257,261
87,-79.4125417,9.1755417,1,1,0,0.254097015,0,0.0205335,0,0.0171753,0,0.254097015,0,0.254097015,0,0.254097015,0,0.0205335,0,235,243,227,3313,584,25,64,1429,116,535,599,75,75,604,287,187,100,230,235
88,-70.7326528,9.3296528,1,1,0,0.66753602,1,0.886099994,1,0.37667799,1,0.886099994,1,0.886099994,1,0.66753602,1,0.886099994,1,221,225,214,835,102,33,35,280,111,216,175,104,83,455,279,155,124,220,217
89,-60.3961833,-29.4377333,0,0,0,0.00105636,0,0.00393083,0,5.87e-05,0,0.00393083,0,0.00393083,0,0.00105636,0,0.00393083,0,199,256,144,1027,145,30,45,368,108,356,108,133,50,4399,336,74,262,252,144
90,-60.3960694,-29.4547861,0,0,0,0.00105636,0,0.00393083,0,5.87e-05,0,0.00393083,0,0.00393083,0,0.00105636,0,0.00393083,0,199,256,144,1027,145,30,45,368,108,356,108,133,50,4399,336,74,262,252,144
91,-60.3933306,-29.4486778,0,0,0,0.00105636,0,0.00393083,0,5.87e-05,0,0.00393083,0,0.00393083,0,0.00105636,0,0.00393083,0,199,256,144,1027,145,30,45,368,108,356,108,133,50,4399,336,74,262,252,144
92,-41.6859472,-22.2952917,0,0,1,0.088286199,0,0.236539006,0,0.057730999,0,0.236539006,0,0.236539006,0,0.088286199,0,0.236539006,0,229,254,205,1115,168,42,43,443,127,338,127,86,58,1929,299,152,147,244,205
93,-70.0042917,-20.2302528,0,1,0,0.172431007,0,0.60117501,1,0.175556004,0,0.60117501,1,0.60117501,1,0.175556004,0,0.60117501,1,161,194,130,0,0,0,0,0,0,0,0,100,59,2459,251,83,168,194,194
94,-59.9830556,-2.9308333,0,0,1,0.450102001,0,0.472649008,1,0.262419999,1,0.472649008,1,0.472649008,1,0.450102001,1,0.472649008,1,272,278,267,2189,284,76,41,810,256,318,791,84,82,464,327,225,102,268,277
95,-43.6622222,-20.4788889,0,0,0,0.0298688,0,0.0241223,0,0.000293087,0,0.0298688,0,0.0298688,0,0.0298688,0,0.0241223,0,176,197,150,1584,329,16,80,842,59,678,65,113,64,1854,254,80,174,192,150
96,-42.4943833,-22.3778556,0,0,1,0.035847899,0,0.056108501,0,0.00430998,0,0.056108501,0,0.056108501,0,0.035847899,0,0.056108501,0,174,200,147,1455,254,31,62,667,108,588,133,99,59,2063,256,89,167,197,149
97,-70.0836361,-20.4032194,0,1,0,0.171670005,0,0.600214005,1,0.174602002,0,0.600214005,1,0.600214005,1,0.174602002,0,0.600214005,1,158,190,127,0,0,0,0,0,0,0,0,101,60,2462,248,80,168,190,190
98,-47.9236417,-25.0721694,0,0,1,0.0129614,0,0.00626784,0,0.00716297,0,0.0129614,0,0.0129614,0,0.0129614,0,0.00716297,0,227,262,189,2469,375,84,45,1025,310,1025,310,86,50,2871,311,139,172,262,189
99,-69.9678111,-20.7134,0,1,0,0.157240003,0,0.584261,1,0.157214001,0,0.584261,1,0.584261,1,0.157240003,0,0.584261,1,164,197,131,0,0,0,0,0,0,0,0,98,58,2521,253,86,167,197,197
100,-69.9120944,-20.2235361,0,1,0,0.144461006,0,0.535179019,1,0.141525,0,0.535179019,1,0.535179019,1,0.144461006,0,0.535179019,1,158,192,125,0,0,0,0,0,0,0,0,106,59,2577,252,75,177,192,192
101,-73.9120556,4.7974444,0,1,0,0.709712029,1,0.867078006,1,0.442131996,1,0.867078006,1,0.867078006,1,0.709712029,1,0.867078006,1,125,130,120,1017,120,34,32,340,140,305,239,100,76,373,188,58,130,127,123
102,-73.7,5.0166667,0,1,0,0.562784016,1,0.770166993,1,0.274973005,1,0.770166993,1,0.770166993,1,0.562784016,1,0.770166993,1,113,119,107,1262,164,32,40,459,135,353,445,93,75,442,174,51,123,110,112
103,-85.6124917,10.8337917,0,1,0,0.090556197,0,0.058058798,0,7.24e-05,0,0.090556197,0,0.090556197,0,0.090556197,0,0.058058798,0,249,260,240,1724,395,2,93,965,14,200,532,105,73,757,326,183,143,246,249
104,-84.7951972,10.3223944,0,1,0,0.304136008,0,0.072608903,0,0.102914996,0,0.304136008,0,0.304136008,0,0.304136008,0,0.102914996,0,188,197,179,2956,433,64,50,1160,212,394,661,96,75,698,255,127,128,186,192
105,-83.7087861,9.5604889,0,1,0,0.308304012,0,0.123065002,0,0.0148081,0,0.308304012,0,0.308304012,0,0.308304012,0,0.123065002,0,94,99,85,2521,412,32,65,1117,109,751,356,80,77,578,145,42,103,96,89
106,-61.41,15.51,0,0,0,0.386198997,0,0.169817999,0,0.459037989,1,0.459037989,1,0.386198997,0,0.459037989,1,0.459037989,1,210,220,196,3354,366,160,27,1068,526,1068,542,75,72,1001,260,156,104,220,199
107,-61.335,15.375,0,0,0,0.386909008,0,0.169839993,0,0.443235993,1,0.443235993,1,0.386909008,0,0.443235993,1,0.443235993,1,232,242,218,2836,319,131,31,936,416,936,446,77,73,987,282,177,105,242,221
108,-61.31,15.3499972,0,0,0,0.383527011,0,0.122865997,0,0.481247008,1,0.481247008,1,0.383527011,0,0.481247008,1,0.481247008,1,205,215,191,3676,403,179,26,1156,589,1156,609,75,72,988,255,152,103,215,194
109,-76.3944806,-0.6763417,0,0,1,0.653620005,1,0.375333995,0,0.691617012,1,0.691617012,1,0.653620005,1,0.691617012,1,0.691617012,1,251,255,244,3116,329,197,16,939,621,744,832,97,86,466,309,197,112,247,254
110,-53.0311861,5.0714889,0,0,1,0.403598011,0,0.115951002,0,0.159084007,0,0.403598011,0,0.403598011,0,0.403598011,0,0.159084007,0,257,262,251,2923,451,69,47,1161,278,278,848,80,78,423,314,212,102,257,262
111,-52.9229667,5.0367222,0,0,1,0.393032998,0,0.101429999,0,0.144837007,0,0.393032998,0,0.393032998,0,0.393032998,0,0.144837007,0,255,260,249,3014,465,68,48,1200,274,274,884,80,78,409,312,210,102,254,260
112,-52.9229667,5.1492528,0,0,1,0.376323998,0,0.095794201,0,0.105525002,0,0.376323998,0,0.376323998,0,0.376323998,0,0.105525002,0,258,263,252,2950,470,60,51,1202,253,253,862,79,78,403,314,213,101,257,263
113,-52.359375,0.8145806,0,0,1,0.359569997,0,0.29025799,0,0.197861001,0,0.359569997,0,0.359569997,0,0.359569997,0,0.29025799,0,257,265,250,2458,328,78,44,966,248,316,840,87,79,582,320,211,109,253,264
114,-52.1195222,4.5307583,0,0,1,0.331055999,0,0.027451601,0,0.159602001,0,0.331055999,0,0.331055999,0,0.331055999,0,0.159602001,0,250,256,245,3768,574,87,47,1459,346,346,1145,84,75,441,313,202,111,248,256
115,-78.3226187,18.2739389,0,0,1,0.345557988,0,0.448444009,1,0.111354999,0,0.448444009,1,0.448444009,1,0.345557988,0,0.448444009,1,260,270,247,1660,235,51,48,619,165,567,178,77,72,908,312,206,106,269,248
116,-78.2431304,18.3810683,0,0,1,0.354310006,0,0.459760994,1,0.134882003,0,0.459760994,1,0.459760994,1,0.354310006,0,0.459760994,1,257,267,244,1759,236,51,46,641,189,582,189,73,71,919,307,205,102,266,244
117,-78.1785361,18.2973188,0,0,1,0.328693002,0,0.391485006,0,0.109636001,0,0.391485006,0,0.391485006,0,0.328693002,0,0.391485006,0,261,271,247,1891,256,57,48,692,189,647,199,73,71,935,311,209,102,267,248
118,-78.1785361,18.4136371,0,0,1,0.348120004,0,0.416548014,1,0.123533003,0,0.416548014,1,0.416548014,1,0.348120004,0,0.416548014,1,252,262,239,1898,252,56,47,701,199,641,200,72,71,908,302,201,101,261,240
119,-77.4905889,18.1718028,0,0,1,0.345827013,0,0.237517998,0,0.147635996,0,0.345827013,0,0.345827013,0,0.345827013,0,0.237517998,0,207,218,195,1940,317,71,45,731,227,531,227,75,70,935,260,154,106,217,195
120,-77.457275,18.1577056,0,0,1,0.317519009,0,0.207509995,0,0.132214993,0,0.317519009,0,0.317519009,0,0.317519009,0,0.207509995,0,207,218,194,1942,328,70,46,741,224,527,273,75,70,956,260,153,107,216,194
121,-99.1516667,19.0205556,0,1,0,0.0232813,0,0.038626999,0,5.99e-06,0,0.038626999,0,0.038626999,0,0.0232813,0,0.038626999,0,156,174,132,1129,240,7,100,694,30,317,30,160,70,1631,263,36,227,167,132
122,-99.0655333,18.883025,0,1,0,0.0193504,0,0.053667799,0,5.27e-06,0,0.053667799,0,0.053667799,0,0.0193504,0,0.053667799,0,231,254,208,925,194,4,100,539,22,269,34,166,71,1727,349,116,233,234,221
123,-73.4847139,-4.2159861,0,0,0,0.701528013,1,0.502698004,1,0.620373011,1,0.701528013,1,0.701528013,1,0.701528013,1,0.620373011,1,264,269,258,2590,278,139,22,781,464,660,464,97,84,454,323,208,115,265,258
124,-66.5600694,18.1588444,0,0,0,0.203338996,0,0.084446102,0,0.111435004,0,0.203338996,0,0.203338996,0,0.203338996,0,0.111435004,0,201,215,183,2487,352,90,45,982,286,670,286,99,73,1281,266,131,135,213,183
125,-65.8170278,18.3209472,0,0,0,0.313405007,0,0.167156994,0,0.425897986,1,0.425897986,1,0.313405007,0,0.425897986,1,0.425897986,1,213,226,195,2958,319,136,25,934,466,868,466,88,70,1251,272,148,124,225,195
126,-65.7950861,18.3049972,0,0,0,0.313405007,0,0.167156994,0,0.425897986,1,0.425897986,1,0.313405007,0,0.425897986,1,0.425897986,1,213,226,195,2958,319,136,25,934,466,868,466,88,70,1251,272,148,124,225,195
127,-65.7941528,18.293,0,0,0,0.313405007,0,0.167156994,0,0.425897986,1,0.425897986,1,0.313405007,0,0.425897986,1,0.425897986,1,213,226,195,2958,319,136,25,934,466,868,466,88,70,1251,272,148,124,225,195
128,-65.7624778,18.2746611,0,0,0,0.308328003,0,0.155931994,0,0.412479013,1,0.412479013,1,0.308328003,0,0.412479013,1,0.412479013,1,211,224,193,3001,326,137,26,959,467,891,467,88,70,1244,270,146,124,223,193
129,-63.238825,17.6280944,0,0,0,0.310196012,0,0.657671988,1,0.179674,0,0.657671988,1,0.657671988,1,0.310196012,0,0.657671988,1,251,263,235,1159,163,47,41,460,172,291,172,61,66,1127,295,203,92,257,235
130,-71.0570944,8.6227306,0,1,0,0.589141011,1,0.692183018,1,0.113985002,0,0.692183018,1,0.692183018,1,0.589141011,1,0.692183018,1,133,136,127,1190,171,23,50,441,91,354,100,116,81,394,198,56,142,136,129
131,-67.9964833,10.3714694,0,0,1,0.460056007,0,0.689541996,1,0.059515301,0,0.689541996,1,0.689541996,1,0.460056007,0,0.689541996,1,208,214,199,1053,149,16,55,427,58,203,94,113,79,577,276,134,142,207,202
132,-67.9943111,10.3736861,0,0,1,0.460056007,0,0.689541996,1,0.059515301,0,0.689541996,1,0.689541996,1,0.460056007,0,0.689541996,1,208,214,199,1053,149,16,55,427,58,203,94,113,79,577,276,134,142,207,202
133,-97.0043889,19.0043889,0,1,0,0.0290164,0,0.0155313,0,0.000366277,0,0.0290164,0,0.0290164,0,0.0290164,0,0.0155313,0,186,206,160,2029,371,42,79,1050,131,564,136,112,64,1848,271,98,173,200,167
134,-97.0021111,19.5001667,0,1,0,0.0279362,0,0.0170446,0,0.000902713,0,0.0279362,0,0.0279362,0,0.0279362,0,0.0170446,0,156,178,129,1807,349,47,73,903,147,458,189,113,63,1954,244,65,179,167,138
135,-58.3132417,6.5623889,0,0,0,0.565349996,1,0.578813016,1,0.346453011,1,0.578813016,1,0.578813016,1,0.565349996,1,0.578813016,1,263,269,257,1966,273,99,37,746,327,327,500,65,79,461,308,226,82,261,269
136,-58.2196139,6.4980778,0,0,0,0.638006985,1,0.822161973,1,0.423628002,1,0.822161973,1,0.822161973,1,0.638006985,1,0.822161973,1,261,267,255,1384,181,73,33,505,243,245,347,66,78,465,307,223,84,259,258
137,-92.7167,15.6333,1,1,0,0.083002597,0,0.0369193,0,0.000123284,0,0.083002597,0,0.083002597,0,0.083002597,0,0.0369193,0,197,210,181,1803,349,8,89,949,39,539,40,138,73,1139,286,99,187,203,187
138,-79.7147,9.1272,1,1,0,0.247357994,0,0.210903004,0,0.032792501,0,0.247357994,0,0.247357994,0,0.247357994,0,0.210903004,0,263,273,254,2437,351,17,59,969,91,378,577,71,73,726,316,219,97,256,264
139,-77.5061111,5.5736111,1,1,0,0.426286012,0,0.021797599,0,0.594760001,1,0.594760001,1,0.426286012,0,0.594760001,1,0.594760001,1,260,263,256,5920,655,247,26,1852,925,1267,1820,82,90,279,308,217,91,257,262
141,-88.2825,15.5197,1,1,0,0.115092002,0,0.121100001,0,0.072591297,0,0.121100001,0,0.121100001,0,0.115092002,0,0.121100001,0,182,200,158,1807,257,61,45,684,202,464,287,98,63,1637,262,108,154,192,183
142,-88.2142,15.5169,1,1,0,0.117963001,0,0.123646997,0,0.074097201,0,0.123646997,0,0.123646997,0,0.117963001,0,0.123646997,0,170,188,146,1849,259,62,45,694,202,474,289,96,63,1621,249,97,152,181,172
143,-88.80436,18.426725,0,1,0,0.060352799,0,0.129932001,0,0.0102156,0,0.129932001,0,0.129932001,0,0.060352799,0,0.129932001,0,250,267,224,1330,209,35,59,563,112,508,166,105,64,1811,329,166,163,264,245
144,-81.12,8.52,1,1,0,0.335227996,0,0.089580797,0,0.0135701,0,0.335227996,0,0.335227996,0,0.335227996,0,0.089580797,0,234,240,229,2571,436,21,66,1155,112,406,456,91,75,440,297,176,121,232,232
145,-81.1394,8.5287,1,1,0,0.378764987,0,0.143004999,0,0.033197898,0,0.378764987,0,0.378764987,0,0.378764987,0,0.143004999,0,217,224,212,2521,399,38,60,1082,152,399,479,90,76,439,278,161,117,215,221
146,-81.1179,8.5168,1,1,0,0.335227996,0,0.089580797,0,0.0135701,0,0.335227996,0,0.335227996,0,0.335227996,0,0.089580797,0,234,240,229,2571,436,21,66,1155,112,406,456,91,75,440,297,176,121,232,232
147,-90.219,15.2145,1,1,0,0.178143993,0,0.144649997,0,0.026810899,0,0.178143993,0,0.178143993,0,0.178143993,0,0.144649997,0,163,175,146,2011,316,52,58,871,187,795,213,87,71,1163,222,100,122,174,158
148,-77.4167,3.25,1,1,0,0.389782012,0,0.00312621,0,0.658055007,1,0.658055007,1,0.389782012,0,0.658055007,1,0.658055007,1,264,267,260,7345,830,377,24,2339,1190,1694,2138,80,89,265,311,222,89,260,265
149,-96.6247,17.1406,1,1,0,0.082667097,0,0.172055006,0,0.000148276,0,0.172055006,0,0.172055006,0,0.082667097,0,0.172055006,0,148,163,132,951,200,7,88,523,35,309,48,137,72,1155,244,54,190,151,143
150,-95.05,18.48,1,1,0,0.024654999,0,0.00382792,0,0.00246806,0,0.024654999,0,0.024654999,0,0.024654999,0,0.00382792,0,233,255,204,2851,504,57,66,1315,193,466,388,90,56,2050,315,157,158,246,245
151,-88.98599167,16.7332,0,1,0,0.102187999,0,0.132326007,0,0.0533733,0,0.132326007,0,0.132326007,0,0.102187999,0,0.132326007,0,236,253,213,1983,274,54,48,750,176,400,320,80,61,1631,298,167,131,244,232
152,-73.43333333,5.783333333,0,1,0,0.601444006,1,0.567035973,1,0.205788001,0,0.601444006,1,0.601444006,1,0.601444006,1,0.567035973,1,137,142,132,1529,230,61,44,525,208,443,208,105,82,419,202,75,127,142,132
153,-75.45788889,5.076861111,0,1,1,0.602730989,1,0.540307999,1,0.356173992,1,0.602730989,1,0.602730989,1,0.602730989,1,0.540307999,1,138,140,135,2011,294,87,37,706,332,382,679,84,90,278,186,93,93,136,140
154,-75.0666667,6.9,1,1,0,0.482762009,0,0.145621002,0,0.269241989,1,0.482762009,1,0.482762009,0,0.482762009,1,0.269241989,1,200,204,195,3367,420,87,41,1145,339,926,839,93,78,368,254,136,118,199,197
